{
	"Ontology":
		[
			{"Value":"Client Thread","Weight":2.0,"Name":"Client Thread"},
			{"Value":"Uniform_distribution","Weight":1.0,"Name":"Arrival Rate"},
			{"Value":"Database_Operation","Weight":1.0,"Name":"Transaction Class"},
			{"Value":"Database_Operation_Count","Weight":1.0,"Name":"Transaction Size"},
			{"Value":"Read, Update, Scan, Insert","Weight":1.0,"Name":"Transaction Type"},
			{"Value":"Data Size","Weight":3.0,"Name":"Data Size"},
			{"Value":"Uniform, Zipfian, Latest, Multinomial","Weight":2.0,"Name":"Data Request Distribution"},
			{"Value":"N\/A","Weight":2.0,"Name":"Data Distribution"},
			{"Value":"Network_model","Weight":1.0,"Name":"Network Model"},
			{"Value":"Cluster Size","Weight":4.0,"Name":"Cluster Size"},
			{"Value":"Server Type","Weight":2.0,"Name":"Server Type"},
			{"Value":"#CPU","Weight":3.0,"Name":"#CPU"},
			{"Value":"Clock Speed","Weight":4.0,"Name":"Clock Speed"},
			{"Value":"Memory Size","Weight":2.0,"Name":"Memory Size"},
			{"Value":"Database Type","Weight":3.0,"Name":"Database Type"},
			{"Value":"Storage Type","Weight":3.0,"Name":"Storage Type"}
		]
}