{
	"Rule":
		[
			{"Model_1":["0"],"Model_2":["0"],"Equation":"Concurrent User = Client Thread","Satisficing":["5"]},
			{"Model_1":["1"],"Model_2":["1"],"Equation":"Arrival Rate = Arrival Rate","Satisficing":["5"]},
			{"Model_1":["2"],"Model_2":["2"],"Equation":"Transaction Class = Transaction Class","Satisficing":["5"]},
			{"Model_1":["3"],"Model_2":["3"],"Equation":"Transaction Size = Transaction Size","Satisficing":["5"]},
			{"Model_1":["4"],"Model_2":["4"],"Equation":"Transaction Type = Transaction Type","Satisficing":["5"]},
			{"Model_1":["5"],"Model_2":["5"],"Equation":"Data Size = Data Size","Satisficing":["5"]},
			{"Model_1":["6"],"Model_2":["6"],"Equation":"Data Request Distribution = Data Request Distribution","Satisficing":["5"]},
			{"Model_1":["7"],"Model_2":["7"],"Equation":"Data Distribution = Data Distribution","Satisficing":["5"]},
			{"Model_1":["8"],"Model_2":["8"],"Equation":"Network Model = Network Model","Satisficing":["5"]},
			{"Model_1":["9"],"Model_2":["9"],"Equation":"Cluster Size = Cluster Size","Satisficing":["5"]},
			{"Model_1":["10"],"Model_2":["10"],"Equation":"Server Type = Server Type","Satisficing":["5"]},
			{"Model_1":["11"],"Model_2":["11"],"Equation":"#CPU = #CPU","Satisficing":["5"]},
			{"Model_1":["12"],"Model_2":["12"],"Equation":"Clock Speed = Clock Speed","Satisficing":["5"]},
			{"Model_1":["13"],"Model_2":["13"],"Equation":"Memory Size = Memory Size","Satisficing":["5"]},
			{"Model_1":["14"],"Model_2":["14"],"Equation":"Database Type = Database Type","Satisficing":["5"]},
			{"Model_1":["15"],"Model_2":["15"],"Equation":"Storage Type = Storage Type","Satisficing":["5"]}
		],
	"File":["model1.json","model2.json"]
}